Tipo,Sexo,Nombre
Perro,M,Max
Gato,H,Luna
Perro,H,Bella
Gato,M,Simba
Perro,M,Rocky
Gato,H,Mia
Perro,H,Lola
Gato,M,Leo
Perro,M,Bruno
Gato,H,Nala
Perro,H,Sasha
Gato,M,Tom
Perro,M,Thor
Gato,H,Kitty
Perro,H,Canela
Gato,M,Chico
Perro,M,Zeus
Gato,H,Olivia
Perro,H,Kiara
Gato,M,Toby
Perro,M,Jack
Gato,H,Lucy
Perro,H,Greta
Gato,M,Oscar
Perro,M,Chester
Gato,H,Emma
Perro,H,India
Gato,M,Pepe
Perro,M,Sam
Gato,H,Noa
Perro,H,Paula
Gato,M,Nacho
Perro,M,Lucas
Gato,H,Clara
Perro,H,Asia
Gato,M,Simón
Perro,M,Tommy
Gato,H,Elsa
Perro,H,Frida
Gato,M,Milton
Perro,M,Axel
Gato,H,Inés
Perro,H,Olga
Gato,M,Raúl
Perro,M,Enzo
Gato,H,Marina
Perro,H,Reina
Gato,M,Ulises
Perro,M,Gaspar
Gato,H,Valentina
Perro,H,Sol
Gato,M,Andrés
Perro,M,Teo
Gato,H,Julia
Perro,H,Alma
Gato,M,Brayan
Perro,M,Kevin
Gato,H,Patricia
Perro,H,Estrella
Gato,M,Martín
Perro,M,Samuel
Gato,H,Jimena
Perro,H,Carla
Gato,M,Adrián
Perro,M,Matías
Gato,H,María
Perro,H,Flor
Gato,M,David
Perro,M,Juan
Gato,H,Isabel
Perro,H,Agustina
Gato,M,Pedro
Perro,M,Diego
Gato,H,Victoria
Perro,H,Julieta
Gato,M,Antonio
Perro,M,Ignacio
Gato,H,Daniela
Perro,H,Renata
Gato,M,Manuel
Perro,M,Emilio
Gato,H,Martina
Perro,H,Josefina
Gato,M,Francisco
Perro,M,Facundo
Gato,H,Lucía
Perro,H,Milagros
Gato,M,Juanjo
Perro,M,Valentín
Gato,H,Agustina
Perro,H,Malena
Gato,M,Esteban
Perro,M,Guido
Gato,H,Carolina
Perro,H,Selena
Gato,M,Matías
Perro,M,León
Gato,H,Josefa
Perro,H,Miranda
Gato,M,Álvaro
Perro,M,Martín
Gato,H,Elena
Perro,H,Valeria
Gato,M,Lucas
Perro,M,Andrés
Gato,H,Mar
Perro,H,Lupe
Gato,M,Samuel
Perro,M,Tomás
Gato,H,Sol
Perro,H,Azul
Gato,M,Emilio
Perro,M,Simón
Gato,H,Juana
Perro,H,María
Gato,M,Diego
Perro,M,Pedro
Gato,H,Valentina
Perro,H,Martina
Gato,M,Ignacio
Perro,M,Francisco
Gato,H,Renata
Perro,H,Josefa
Gato,M,Guido
Perro,M,Esteban
Gato,H,Selena
Perro,H,Carolina
Gato,M,León
Perro,M,Álvaro
Gato,H,Miranda
Perro,H,Elena
Gato,M,Valeria
Perro,M,Lucas
Gato,H,Mar
Perro,H,Lupe
Gato,M,Samuel
Perro,M,Tomás
Gato,H,Sol
Perro,H,Azul
Gato,M,Emilio
Perro,M,Simón
Gato,H,Juana
Perro,H,María
Gato,M,Diego
Perro,M,Pedro
Gato,H,Valentina
Perro,H,Martina
Gato,M,Ignacio
Perro,M,Francisco
Gato,H,Renata
Perro,H,Josefa
Gato,M,Guido
Perro,M,Esteban
Gato,H,Selena
Perro,H,Carolina
Gato,M,León
Perro,M,Álvaro
Gato,H,Miranda
Perro,H,Elena
Gato,M,Valeria
Perro,M,Lucas
Gato,H,Mar
Perro,H,Lupe
Gato,M,Samuel
Perro,M,Tomás
Gato,H,Sol
Perro,H,Azul
Gato,M,Emilio
Perro,M,Simón
Gato,H,Juana
Perro,H,María
Gato,M,Diego
Perro,M,Pedro
Gato,H,Valentina
Perro,H,Martina
Gato,M,Ignacio
Perro,M,Francisco
Gato,H,Renata
Perro,H,Josefa
Gato,M,Guido
Perro,M,Esteban
Gato,H,Selena
Perro,H,Carolina
Perro,M,León
